,url
0,https://sanmateo.primegov.com/meeting/document/2179.pdf?name=Agenda%20Report
1,https://sanmateo.primegov.com/meeting/attachment/4659.pdf?name=Agenda%20Report
2,https://sanmateo.primegov.com/meeting/document/2169.pdf?name=Agenda%20Report
3,https://sanmateo.primegov.com/meeting/document/2171.pdf?name=Agenda%20Report
4,https://sanmateo.primegov.com/meeting/document/2197.pdf?name=Agenda%20Report
5,https://sanmateo.primegov.com/meeting/document/2168.pdf?name=Agenda%20Report
6,https://sanmateo.primegov.com/meeting/document/2172.pdf?name=Agenda%20Report
7,https://sanmateo.primegov.com/meeting/document/2049.pdf?name=Agenda%20Report
8,https://sanmateo.primegov.com/meeting/document/2125.pdf?name=Agenda%20Report
9,https://sanmateo.primegov.com/meeting/document/2135.pdf?name=Agenda%20Report
10,https://sanmateo.primegov.com/meeting/document/2139.pdf?name=Agenda%20Report
11,https://sanmateo.primegov.com/meeting/document/2133.pdf?name=Agenda%20Report
12,https://sanmateo.primegov.com/meeting/document/2142.pdf?name=Agenda%20Report
13,https://sanmateo.primegov.com/meeting/document/2162.pdf?name=Agenda%20Report
14,https://sanmateo.primegov.com/meeting/document/2138.pdf?name=Agenda%20Report
15,https://sanmateo.primegov.com/meeting/document/2149.pdf?name=Agenda%20Report
16,https://sanmateo.primegov.com/meeting/document/2174.pdf?name=Agenda%20Report
17,https://sanmateo.primegov.com/meeting/document/2170.pdf?name=Agenda%20Report
18,https://sanmateo.primegov.com/meeting/document/2195.pdf?name=Agenda%20Report
19,https://sanmateo.primegov.com/meeting/document/2166.pdf?name=Agenda%20Report
20,https://sanmateo.primegov.com/meeting/document/1998.pdf?name=Agenda%20Report
21,https://sanmateo.primegov.com/meeting/document/2040.pdf?name=Agenda%20Report
22,https://sanmateo.primegov.com/meeting/document/2130.pdf?name=Agenda%20Report
23,https://sanmateo.primegov.com/meeting/document/2175.pdf?name=Agenda%20Report
24,https://sanmateo.primegov.com/meeting/document/2156.pdf?name=Agenda%20Report
25,https://sanmateo.primegov.com/meeting/document/2129.pdf?name=Agenda%20Report
26,https://sanmateo.primegov.com/meeting/document/2153.pdf?name=Agenda%20Report
27,https://sanmateo.primegov.com/meeting/document/2143.pdf?name=Agenda%20Report
28,https://sanmateo.primegov.com/meeting/document/2165.pdf?name=Agenda%20Report
29,https://sanmateo.primegov.com/meeting/attachment/4631.pdf?name=Agenda%20Report
30,https://sanmateo.primegov.com/meeting/document/2158.pdf?name=Agenda%20Report
31,https://sanmateo.primegov.com/meeting/document/2160.pdf?name=Agenda%20Report
32,https://sanmateo.primegov.com/meeting/document/2126.pdf?name=Agenda%20Report
33,https://sanmateo.primegov.com/meeting/document/2141.pdf?name=Agenda%20Report
34,https://sanmateo.primegov.com/meeting/document/2154.pdf?name=Agenda%20Report
35,https://sanmateo.primegov.com/meeting/document/2099.pdf?name=Agenda%20Report
36,https://sanmateo.primegov.com/meeting/document/2093.pdf?name=Agenda%20Report
37,https://sanmateo.primegov.com/meeting/document/2157.pdf?name=Agenda%20Report
38,https://sanmateo.primegov.com/meeting/document/2161.pdf?name=Agenda%20Report
39,https://sanmateo.primegov.com/meeting/document/2038.pdf?name=Agenda%20Report
40,https://sanmateo.primegov.com/meeting/document/2103.pdf?name=Agenda%20Report
41,https://sanmateo.primegov.com/meeting/document/2148.pdf?name=Agenda%20Report
42,https://sanmateo.primegov.com/meeting/document/2150.pdf?name=Agenda%20Report
43,https://sanmateo.primegov.com/meeting/document/2151.pdf?name=Agenda%20Report
44,https://sanmateo.primegov.com/meeting/document/2146.pdf?name=Agenda%20Report
45,https://sanmateo.primegov.com/meeting/document/2147.pdf?name=Agenda%20Report
46,https://sanmateo.primegov.com/meeting/document/2144.pdf?name=Agenda%20Report
47,https://sanmateo.primegov.com/meeting/document/2145.pdf?name=Agenda%20Report
48,https://sanmateo.primegov.com/meeting/document/2132.pdf?name=Agenda%20Report
49,https://sanmateo.primegov.com/meeting/document/2136.pdf?name=Agenda%20Report
50,https://sanmateo.primegov.com/meeting/document/2137.pdf?name=Agenda%20Report
51,https://sanmateo.primegov.com/meeting/document/2105.pdf?name=Agenda%20Report
52,https://sanmateo.primegov.com/meeting/document/2062.pdf?name=Agenda%20Report
53,https://sanmateo.primegov.com/meeting/document/2118.pdf?name=Agenda%20Report
54,https://sanmateo.primegov.com/meeting/document/2078.pdf?name=Agenda%20Report
55,https://sanmateo.primegov.com/meeting/document/2065.pdf?name=Agenda%20Report
56,https://sanmateo.primegov.com/meeting/document/2094.pdf?name=Agenda%20Report
57,https://sanmateo.primegov.com/meeting/document/2097.pdf?name=Agenda%20Report
58,https://sanmateo.primegov.com/meeting/document/2116.pdf?name=Agenda%20Report
59,https://sanmateo.primegov.com/meeting/document/2121.pdf?name=Agenda%20Report
60,https://sanmateo.primegov.com/meeting/document/2113.pdf?name=Agenda%20Report
61,https://sanmateo.primegov.com/meeting/document/2131.pdf?name=Agenda%20Report
62,https://sanmateo.primegov.com/meeting/document/2140.pdf?name=Agenda%20Report
63,https://sanmateo.primegov.com/meeting/document/2122.pdf?name=Agenda%20Report
64,https://sanmateo.primegov.com/meeting/document/2119.pdf?name=Agenda%20Report
65,https://sanmateo.primegov.com/meeting/document/2134.pdf?name=Agenda%20Report
66,https://sanmateo.primegov.com/meeting/document/2074.pdf?name=Agenda%20Report
67,https://sanmateo.primegov.com/meeting/document/1976.pdf?name=Agenda%20Report
68,https://sanmateo.primegov.com/meeting/document/2124.pdf?name=Agenda%20Report
69,https://sanmateo.primegov.com/meeting/document/2095.pdf?name=Agenda%20Report
70,https://sanmateo.primegov.com/meeting/document/2043.pdf?name=Agenda%20Report
71,https://sanmateo.primegov.com/meeting/document/2098.pdf?name=Agenda%20Report
72,https://sanmateo.primegov.com/meeting/document/2002.pdf?name=Agenda%20Report
73,https://sanmateo.primegov.com/meeting/document/2048.pdf?name=Agenda%20Report
74,https://sanmateo.primegov.com/meeting/document/2055.pdf?name=Agenda%20Report
75,https://sanmateo.primegov.com/meeting/document/2056.pdf?name=Agenda%20Report
76,https://sanmateo.primegov.com/meeting/document/2064.pdf?name=Agenda%20Report
77,https://sanmateo.primegov.com/meeting/document/2067.pdf?name=Agenda%20Report
78,https://sanmateo.primegov.com/meeting/document/2082.pdf?name=Agenda%20Report
79,https://sanmateo.primegov.com/meeting/document/2089.pdf?name=Agenda%20Report
80,https://sanmateo.primegov.com/meeting/document/2066.pdf?name=Agenda%20Report
81,https://sanmateo.primegov.com/meeting/document/2090.pdf?name=Agenda%20Report
82,https://sanmateo.primegov.com/meeting/document/2087.pdf?name=Agenda%20Report
83,https://sanmateo.primegov.com/meeting/document/2070.pdf?name=Agenda%20Report
84,https://sanmateo.primegov.com/meeting/document/2102.pdf?name=Agenda%20Report
85,https://sanmateo.primegov.com/meeting/document/2077.pdf?name=Agenda%20Report
86,https://sanmateo.primegov.com/meeting/document/2092.pdf?name=Agenda%20Report
87,https://sanmateo.primegov.com/meeting/document/2096.pdf?name=Agenda%20Report
88,https://sanmateo.primegov.com/meeting/document/2003.pdf?name=Agenda%20Report
89,https://sanmateo.primegov.com/meeting/document/2075.pdf?name=Agenda%20Report
90,https://sanmateo.primegov.com/meeting/document/2076.pdf?name=Agenda%20Report
91,https://sanmateo.primegov.com/meeting/document/2080.pdf?name=Agenda%20Report
92,https://sanmateo.primegov.com/meeting/document/2081.pdf?name=Agenda%20Report
93,https://sanmateo.primegov.com/meeting/document/2084.pdf?name=Agenda%20Report
94,https://sanmateo.primegov.com/meeting/document/2086.pdf?name=Agenda%20Report
95,https://sanmateo.primegov.com/meeting/document/2083.pdf?name=Agenda%20Report
96,https://sanmateo.primegov.com/meeting/document/2085.pdf?name=Agenda%20Report
97,https://sanmateo.primegov.com/meeting/document/2073.pdf?name=Agenda%20Report
98,https://sanmateo.primegov.com/meeting/document/2071.pdf?name=Agenda%20Report
99,https://sanmateo.primegov.com/meeting/attachment/4435.pdf?name=Agenda%20Report
100,https://sanmateo.primegov.com/meeting/document/2069.pdf?name=Agenda%20Report
101,https://sanmateo.primegov.com/meeting/document/2058.pdf?name=Agenda%20Report
102,https://sanmateo.primegov.com/meeting/document/2060.pdf?name=Agenda%20Report
103,https://sanmateo.primegov.com/meeting/document/2009.pdf?name=Agenda%20Report
104,https://sanmateo.primegov.com/meeting/document/2010.pdf?name=Agenda%20Report
105,https://sanmateo.primegov.com/meeting/document/2029.pdf?name=Agenda%20Report
106,https://sanmateo.primegov.com/meeting/document/1988.pdf?name=Agenda%20Report
107,https://sanmateo.primegov.com/meeting/document/2036.pdf?name=Agenda%20Report
108,https://sanmateo.primegov.com/meeting/document/2044.pdf?name=Agenda%20Report
109,https://sanmateo.primegov.com/meeting/document/2047.pdf?name=Agenda%20Report
110,https://sanmateo.primegov.com/meeting/document/2059.pdf?name=Agenda%20Report
111,https://sanmateo.primegov.com/meeting/document/2034.pdf?name=Agenda%20Report
112,https://sanmateo.primegov.com/meeting/document/2008.pdf?name=Agenda%20Report
113,https://sanmateo.primegov.com/meeting/document/2063.pdf?name=Agenda%20Report
114,https://sanmateo.primegov.com/meeting/document/2011.pdf?name=Agenda%20Report
115,https://sanmateo.primegov.com/meeting/document/1992.pdf?name=Agenda%20Report
116,https://sanmateo.primegov.com/meeting/document/2057.pdf?name=Agenda%20Report
117,https://sanmateo.primegov.com/meeting/document/1993.pdf?name=Agenda%20Report
118,https://sanmateo.primegov.com/meeting/document/1939.pdf?name=Agenda%20Report
119,https://sanmateo.primegov.com/meeting/document/2037.pdf?name=Agenda%20Report
120,https://sanmateo.primegov.com/meeting/document/2042.pdf?name=Agenda%20Report
121,https://sanmateo.primegov.com/meeting/document/2046.pdf?name=Agenda%20Report
122,https://sanmateo.primegov.com/meeting/document/2045.pdf?name=Agenda%20Report
123,https://sanmateo.primegov.com/meeting/document/2051.pdf?name=Agenda%20Report
124,https://sanmateo.primegov.com/meeting/document/2052.pdf?name=Agenda%20Report
125,https://sanmateo.primegov.com/meeting/document/2027.pdf?name=Agenda%20Report
126,https://sanmateo.primegov.com/meeting/document/2026.pdf?name=Agenda%20Report
127,https://sanmateo.primegov.com/meeting/document/2041.pdf?name=Agenda%20Report
128,https://sanmateo.primegov.com/meeting/document/2033.pdf?name=Agenda%20Report
129,https://sanmateo.primegov.com/meeting/document/1972.pdf?name=Agenda%20Report
130,https://sanmateo.primegov.com/meeting/document/1986.pdf?name=Agenda%20Report
131,https://sanmateo.primegov.com/meeting/document/2028.pdf?name=Agenda%20Report
132,https://sanmateo.primegov.com/meeting/document/2000.pdf?name=Agenda%20Report
133,https://sanmateo.primegov.com/meeting/document/2035.pdf?name=Agenda%20Report
134,https://sanmateo.primegov.com/meeting/document/2030.pdf?name=Agenda%20Report
135,https://sanmateo.primegov.com/meeting/document/1869.pdf?name=Agenda%20Report
136,https://sanmateo.primegov.com/meeting/document/2031.pdf?name=Agenda%20Report
137,https://sanmateo.primegov.com/meeting/document/2001.pdf?name=Agenda%20Report
138,https://sanmateo.primegov.com/meeting/document/1990.pdf?name=Agenda%20Report
139,https://sanmateo.primegov.com/meeting/document/1901.pdf?name=Agenda%20Report
140,https://sanmateo.primegov.com/meeting/document/1982.pdf?name=Agenda%20Report
141,https://sanmateo.primegov.com/meeting/document/1903.pdf?name=Agenda%20Report
142,https://sanmateo.primegov.com/meeting/document/1973.pdf?name=Agenda%20Report
143,https://sanmateo.primegov.com/meeting/document/1906.pdf?name=Agenda%20Report
144,https://sanmateo.primegov.com/meeting/document/1971.pdf?name=Agenda%20Report
145,https://sanmateo.primegov.com/meeting/document/1974.pdf?name=Agenda%20Report
146,https://sanmateo.primegov.com/meeting/document/1994.pdf?name=Agenda%20Report
147,https://sanmateo.primegov.com/meeting/document/1989.pdf?name=Agenda%20Report
148,https://sanmateo.primegov.com/meeting/document/1997.pdf?name=Agenda%20Report
149,https://sanmateo.primegov.com/meeting/document/1879.pdf?name=Agenda%20Report
150,https://sanmateo.primegov.com/meeting/document/1966.pdf?name=Agenda%20Report
151,https://sanmateo.primegov.com/meeting/document/1900.pdf?name=Agenda%20Report
152,https://sanmateo.primegov.com/meeting/document/1996.pdf?name=Agenda%20Report
153,https://sanmateo.primegov.com/meeting/document/1957.pdf?name=Agenda%20Report
154,https://sanmateo.primegov.com/meeting/document/1938.pdf?name=Agenda%20Report
155,https://sanmateo.primegov.com/meeting/document/1987.pdf?name=Agenda%20Report
156,https://sanmateo.primegov.com/meeting/document/1873.pdf?name=Agenda%20Report
157,https://sanmateo.primegov.com/meeting/document/1964.pdf?name=Agenda%20Report
158,https://sanmateo.primegov.com/meeting/document/1962.pdf?name=Agenda%20Report
159,https://sanmateo.primegov.com/meeting/document/1970.pdf?name=Agenda%20Report
160,https://sanmateo.primegov.com/meeting/document/1968.pdf?name=Agenda%20Report
161,https://sanmateo.primegov.com/meeting/document/1894.pdf?name=Agenda%20Report
162,https://sanmateo.primegov.com/meeting/document/1932.pdf?name=Agenda%20Report
163,https://sanmateo.primegov.com/meeting/document/1895.pdf?name=Agenda%20Report
164,https://sanmateo.primegov.com/meeting/document/1896.pdf?name=Agenda%20Report
165,https://sanmateo.primegov.com/meeting/document/1947.pdf?name=Agenda%20Report
166,https://sanmateo.primegov.com/meeting/document/1930.pdf?name=Agenda%20Report
167,https://sanmateo.primegov.com/meeting/document/1929.pdf?name=Agenda%20Report
168,https://sanmateo.primegov.com/meeting/document/1969.pdf?name=Agenda%20Report
169,https://sanmateo.primegov.com/meeting/document/1943.pdf?name=Agenda%20Report
170,https://sanmateo.primegov.com/meeting/document/1963.pdf?name=Agenda%20Report
171,https://sanmateo.primegov.com/meeting/document/1934.pdf?name=Agenda%20Report
172,https://sanmateo.primegov.com/meeting/document/1960.pdf?name=Agenda%20Report
173,https://sanmateo.primegov.com/meeting/document/1956.pdf?name=Agenda%20Report
174,https://sanmateo.primegov.com/meeting/document/1909.pdf?name=Agenda%20Report
175,https://sanmateo.primegov.com/meeting/document/1899.pdf?name=Agenda%20Report
176,https://sanmateo.primegov.com/meeting/document/1849.pdf?name=Agenda%20Report
177,https://sanmateo.primegov.com/meeting/document/1914.pdf?name=Agenda%20Report
178,https://sanmateo.primegov.com/meeting/document/1912.pdf?name=Agenda%20Report
179,https://sanmateo.primegov.com/meeting/document/1924.pdf?name=Agenda%20Report
180,https://sanmateo.primegov.com/meeting/document/1931.pdf?name=Agenda%20Report
181,https://sanmateo.primegov.com/meeting/document/1799.pdf?name=Agenda%20Report
182,https://sanmateo.primegov.com/meeting/document/1853.pdf?name=Agenda%20Report
183,https://sanmateo.primegov.com/meeting/document/1890.pdf?name=Agenda%20Report
184,https://sanmateo.primegov.com/meeting/document/1880.pdf?name=Agenda%20Report
185,https://sanmateo.primegov.com/meeting/document/1886.pdf?name=Agenda%20Report
186,https://sanmateo.primegov.com/meeting/document/1893.pdf?name=Agenda%20Report
187,https://sanmateo.primegov.com/meeting/document/1928.pdf?name=Agenda%20Report
188,https://sanmateo.primegov.com/meeting/document/1883.pdf?name=Agenda%20Report
189,https://sanmateo.primegov.com/meeting/document/1936.pdf?name=Agenda%20Report
190,https://sanmateo.primegov.com/meeting/document/1915.pdf?name=Agenda%20Report
191,https://sanmateo.primegov.com/meeting/document/1911.pdf?name=Agenda%20Report
192,https://sanmateo.primegov.com/meeting/document/1933.pdf?name=Agenda%20Report
193,https://sanmateo.primegov.com/meeting/document/1916.pdf?name=Agenda%20Report
194,https://sanmateo.primegov.com/meeting/document/1935.pdf?name=Agenda%20Report
195,https://sanmateo.primegov.com/meeting/document/1892.pdf?name=Agenda%20Report
196,https://sanmateo.primegov.com/meeting/document/1836.pdf?name=Agenda%20Report
197,https://sanmateo.primegov.com/meeting/document/1851.pdf?name=Agenda%20Report
198,https://sanmateo.primegov.com/meeting/document/1881.pdf?name=Agenda%20Report
199,https://sanmateo.primegov.com/meeting/document/1791.pdf?name=Agenda%20Report
200,https://sanmateo.primegov.com/meeting/document/1772.pdf?name=Agenda%20Report
201,https://sanmateo.primegov.com/meeting/document/1877.pdf?name=Agenda%20Report
202,https://sanmateo.primegov.com/meeting/document/1876.pdf?name=Agenda%20Report
203,https://sanmateo.primegov.com/meeting/document/1902.pdf?name=Agenda%20Report
204,https://sanmateo.primegov.com/meeting/document/1917.pdf?name=Agenda%20Report
205,https://sanmateo.primegov.com/meeting/document/1918.pdf?name=Agenda%20Report
206,https://sanmateo.primegov.com/meeting/document/1919.pdf?name=Agenda%20Report
207,https://sanmateo.primegov.com/meeting/document/1848.pdf?name=Agenda%20Report
208,https://sanmateo.primegov.com/meeting/document/1870.pdf?name=Agenda%20Report
209,https://sanmateo.primegov.com/meeting/document/1878.pdf?name=Agenda%20Report
210,https://sanmateo.primegov.com/meeting/document/1813.pdf?name=Agenda%20Report
211,https://sanmateo.primegov.com/meeting/document/1864.pdf?name=Agenda%20Report
212,https://sanmateo.primegov.com/meeting/document/1837.pdf?name=Agenda%20Report
213,https://sanmateo.primegov.com/meeting/document/1810.pdf?name=Agenda%20Report
214,https://sanmateo.primegov.com/meeting/document/1885.pdf?name=Agenda%20Report
215,https://sanmateo.primegov.com/meeting/document/1852.pdf?name=Agenda%20Report
216,https://sanmateo.primegov.com/meeting/document/1843.pdf?name=Agenda%20Report
217,https://sanmateo.primegov.com/meeting/document/1874.pdf?name=Agenda%20Report
218,https://sanmateo.primegov.com/meeting/document/1889.pdf?name=Agenda%20Report
219,https://sanmateo.primegov.com/meeting/document/1832.pdf?name=Agenda%20Report
220,https://sanmateo.primegov.com/meeting/document/1862.pdf?name=Agenda%20Report
221,https://sanmateo.primegov.com/meeting/document/1766.pdf?name=Agenda%20Report
222,https://sanmateo.primegov.com/meeting/document/1854.pdf?name=Agenda%20Report
223,https://sanmateo.primegov.com/meeting/document/1891.pdf?name=Agenda%20Report
224,https://sanmateo.primegov.com/meeting/document/1745.pdf?name=Agenda%20Report
